{"cameraMode":{"drawMode":0,"name":"Shaded","section":"Shading Mode"},"sceneLighting":true,"audioPlay":false,"sceneViewState":{"showFog":true,"showMaterialUpdate":false,"showSkybox":true,"showFlares":true,"showImageEffects":true,"showParticleSystems":true},"in2DMode":false,"pivot":{"x":-34.66696548461914,"y":1.4807746410369874,"z":-17.805749893188478},"rotation":{"x":0.03700263053178787,"y":-0.9621408581733704,"z":0.16912280023097993,"w":0.21050889790058137},"size":5.212451457977295,"orthographic":false}